{
  "project_info": {
    "project_number": "452808017692",
    "firebase_url": "https://awesomeprojectname-19976.firebaseio.com",
    "project_id": "awesomeprojectname-19976",
    "storage_bucket": "awesomeprojectname-19976.appspot.com"
  },
  "client": [
    {
      "client_info": {
        "mobilesdk_app_id": "1:452808017692:android:51274068e25391bfc95cd9",
        "android_client_info": {
          "package_name": "hacksc.envelope"
        }
      },
      "oauth_client": [
        {
          "client_id": "452808017692-ve2hks33a98ck2dr5bcn0lltoccc5hdt.apps.googleusercontent.com",
          "client_type": 1,
          "android_info": {
            "package_name": "hacksc.envelope",
            "certificate_hash": "3bdae82dd21535de0aa4ada83a41f6c078eaf496"
          }
        },
        {
          "client_id": "452808017692-5hj0qaselo0dvf7usevqeanat8rklout.apps.googleusercontent.com",
          "client_type": 3
        }
      ],
      "api_key": [
        {
          "current_key": "AIzaSyAMAPLu_SQtp_-oIfOMaFyL1PwklhUCsJg"
        }
      ],
      "services": {
        "appinvite_service": {
          "other_platform_oauth_client": [
            {
              "client_id": "452808017692-5hj0qaselo0dvf7usevqeanat8rklout.apps.googleusercontent.com",
              "client_type": 3
            }
          ]
        }
      }
    }
  ],
  "configuration_version": "1"
}